area,bedrooms,bathrooms,location,price
1563.0,3.0,3.0,Assam,11212605.0
1519.0,2.0,2.0,Punjab,9357623.0
1571.0,4.0,3.0,Mizoram,13746801.0
1748.0,3.0,4.0,Karnataka,25031711.0
1742.0,2.0,3.0,Karnataka,25495127.0
1124.0,2.0,3.0,Tamil Nadu,14304739.0
2067.0,3.0,3.0,Assam,14599174.0
910.0,2.0,3.0,Odisha,4834869.0
1333.0,3.0,3.0,Dadra and Nagar Haveli and Daman and Diu,7818045.0
1493.0,5.0,6.0,Assam,10593458.0
1803.0,1.0,1.0,Lakshadweep,10782622.0
1814.0,1.0,1.0,West Bengal,8679903.0
2486.0,5.0,5.0,Puducherry,25287384.0
2519.0,3.0,3.0,Punjab,18404881.0
1342.0,2.0,3.0,Odisha,8806091.0
3157.0,4.0,3.0,Rajasthan,22131049.0
1692.0,4.0,5.0,Lakshadweep,15128617.0
1741.0,3.0,2.0,Bihar,11041929.0
1427.0,3.0,3.0,Tamil Nadu,16911066.0
1658.0,2.0,3.0,Kerala,18717009.0
1701.0,1.0,1.0,Lakshadweep,10143764.0
1367.0,3.0,4.0,Jammu and Kashmir,12328129.0
2133.0,2.0,3.0,Chhattisgarh,15528945.0
1433.0,3.0,4.0,Uttar Pradesh,10816401.0
2150.0,4.0,4.0,Rajasthan,18125468.0
886.0,1.0,1.0,Mizoram,4571154.0
1919.0,3.0,2.0,Jharkhand,16818315.0
1228.0,2.0,2.0,Sikkim,9140698.0
1975.0,4.0,5.0,Madhya Pradesh,19500215.0
1038.0,2.0,2.0,Karnataka,12173694.0
2873.0,3.0,3.0,Kerala,33529351.0
1675.0,3.0,2.0,Delhi,23620623.0
686.0,2.0,2.0,Assam,5072657.0
1227.0,3.0,2.0,Madhya Pradesh,7744650.0
1649.0,3.0,4.0,Telangana,25916907.0
2400.0,3.0,3.0,Arunachal Pradesh,21343320.0
2142.0,4.0,3.0,Tamil Nadu,29887280.0
2786.0,5.0,4.0,Sikkim,29542687.0
1314.0,2.0,3.0,Goa,15368657.0
1859.0,3.0,4.0,Meghalaya,13434146.0
826.0,1.0,2.0,Chandigarh,8701861.0
1796.0,4.0,3.0,Punjab,12320626.0
957.0,3.0,2.0,Odisha,5958626.0
1117.0,2.0,1.0,Himachal Pradesh,10236865.0
1963.0,2.0,3.0,Arunachal Pradesh,14264402.0
1494.0,4.0,5.0,Uttarakhand,19191193.0
1859.0,2.0,3.0,Kerala,17374140.0
1775.0,3.0,2.0,Tripura,12649323.0
1781.0,2.0,1.0,Nagaland,10232353.0
1422.0,5.0,6.0,Rajasthan,13162721.0
1746.0,2.0,3.0,Punjab,9290209.0
1383.0,2.0,3.0,Dadra and Nagar Haveli and Daman and Diu,10117523.0
2085.0,4.0,3.0,Jammu and Kashmir,20792959.0
1999.0,4.0,3.0,Kerala,22631209.0
974.0,2.0,1.0,Ladakh,7129914.0
1187.0,3.0,4.0,Andhra Pradesh,7989016.0
1167.0,3.0,4.0,Madhya Pradesh,9567573.0
2149.0,4.0,4.0,Chandigarh,21757652.0
1779.0,2.0,1.0,Puducherry,11782864.0
744.0,3.0,4.0,Nagaland,7006221.0
961.0,3.0,2.0,Uttar Pradesh,7948819.0
1317.0,3.0,4.0,Puducherry,8136637.0
2135.0,4.0,5.0,Jammu and Kashmir,20454274.0
1131.0,3.0,4.0,Uttarakhand,11026489.0
613.0,2.0,3.0,Jharkhand,4108931.0
704.0,4.0,4.0,Haryana,6900467.0
2035.0,4.0,4.0,Tripura,17160499.0
1266.0,4.0,3.0,Jammu and Kashmir,12138991.0
1545.0,2.0,3.0,Arunachal Pradesh,12843432.0
1831.0,2.0,3.0,Kerala,17540563.0
1117.0,3.0,2.0,Rajasthan,8940385.0
1238.0,1.0,2.0,Chhattisgarh,6277573.0
2327.0,5.0,4.0,Kerala,25580831.0
1221.0,2.0,2.0,Bihar,8623796.0
1386.0,3.0,2.0,Nagaland,10995048.0
2474.0,4.0,4.0,Ladakh,21722511.0
1320.0,2.0,2.0,Haryana,12576232.0
2074.0,2.0,2.0,Delhi,20761831.0
1750.0,3.0,4.0,Maharashtra,23830258.0
1247.0,3.0,4.0,Nagaland,10346668.0
1913.0,2.0,2.0,Uttar Pradesh,11785481.0
1675.0,3.0,4.0,Karnataka,22619221.0
2289.0,5.0,5.0,Chandigarh,25564388.0
1381.0,3.0,2.0,Sikkim,11003507.0
1487.0,2.0,1.0,Meghalaya,11236476.0
1386.0,2.0,1.0,Odisha,8724324.0
1775.0,2.0,3.0,Assam,10555797.0
994.0,2.0,2.0,Haryana,9086313.0
1939.0,2.0,2.0,Punjab,10187519.0
1426.0,3.0,3.0,Sikkim,11222015.0
1093.0,2.0,3.0,Karnataka,15867349.0
2500.0,5.0,5.0,Rajasthan,21722137.0
2535.0,2.0,1.0,Tamil Nadu,35829045.0
1745.0,2.0,1.0,Jammu and Kashmir,13248262.0
2349.0,4.0,4.0,Tripura,18851198.0
1697.0,4.0,4.0,Gujarat,21528088.0
889.0,2.0,3.0,Delhi,7536527.0
560.0,2.0,2.0,Nagaland,3729517.0
1666.0,2.0,3.0,Meghalaya,11195957.0
1257.0,3.0,3.0,Chandigarh,15759480.0
1147.0,3.0,3.0,Sikkim,11466815.0
1402.0,2.0,2.0,Dadra and Nagar Haveli and Daman and Diu,7873240.0
1634.0,1.0,1.0,Rajasthan,10739635.0
646.0,3.0,4.0,Andaman and Nicobar Islands,4717517.0
1403.0,5.0,4.0,Rajasthan,10731231.0
1969.0,3.0,3.0,Rajasthan,14673361.0
960.0,3.0,2.0,Rajasthan,6575220.0
1754.0,2.0,3.0,Mizoram,14046037.0
1048.0,2.0,3.0,Kerala,10777466.0
1618.0,2.0,2.0,Odisha,10776550.0
1830.0,4.0,5.0,Goa,31146733.0
1909.0,4.0,4.0,Rajasthan,17404402.0
2517.0,4.0,3.0,Maharashtra,39652993.0
1603.0,5.0,5.0,Kerala,24238540.0
2557.0,5.0,6.0,Lakshadweep,24968290.0
1315.0,5.0,4.0,Maharashtra,21248654.0
1305.0,1.0,1.0,Andhra Pradesh,8574591.0
1440.0,2.0,1.0,Chandigarh,12989554.0
1673.0,2.0,3.0,Delhi,20962339.0
1948.0,3.0,3.0,Bihar,17111173.0
1189.0,2.0,3.0,Karnataka,17726793.0
1364.0,4.0,5.0,Nagaland,11337346.0
1900.0,3.0,3.0,Mizoram,13079177.0
1728.0,3.0,4.0,Kerala,22386068.0
1939.0,2.0,1.0,Tamil Nadu,24482780.0
1416.0,2.0,1.0,Maharashtra,16930063.0
1072.0,2.0,2.0,Arunachal Pradesh,6698863.0
1832.0,4.0,4.0,Punjab,15353657.0
1431.0,3.0,2.0,Maharashtra,18497448.0
2012.0,3.0,2.0,Meghalaya,12998247.0
993.0,2.0,1.0,Maharashtra,11616499.0
2123.0,2.0,3.0,Madhya Pradesh,14808587.0
1002.0,2.0,3.0,Assam,6468390.0
1615.0,4.0,5.0,Maharashtra,27496879.0
1485.0,4.0,4.0,Rajasthan,13820240.0
1040.0,2.0,2.0,Gujarat,11029911.0
2349.0,5.0,6.0,Manipur,20667293.0
2246.0,2.0,2.0,Andhra Pradesh,15923109.0
1390.0,4.0,3.0,Himachal Pradesh,13468838.0
1648.0,2.0,2.0,Karnataka,16843427.0
350.0,2.0,3.0,West Bengal,2557001.0
1723.0,4.0,4.0,Dadra and Nagar Haveli and Daman and Diu,14130906.0
1578.0,2.0,3.0,Goa,25822546.0
1103.0,2.0,3.0,Jharkhand,8760178.0
1913.0,3.0,2.0,West Bengal,14575286.0
1335.0,2.0,3.0,Tamil Nadu,17158966.0
1317.0,3.0,3.0,Andhra Pradesh,9776128.0
1363.0,4.0,4.0,Delhi,17838688.0
708.0,4.0,3.0,Sikkim,5378454.0
897.0,2.0,2.0,Arunachal Pradesh,5220005.0
2241.0,3.0,2.0,Tamil Nadu,28877056.0
580.0,2.0,1.0,Gujarat,3953105.0
1178.0,2.0,3.0,Uttar Pradesh,7443130.0
1148.0,2.0,1.0,Gujarat,10158666.0
2622.0,5.0,5.0,Karnataka,41684841.0
2231.0,4.0,3.0,Mizoram,16019978.0
1418.0,4.0,3.0,Bihar,10607126.0
2177.0,3.0,3.0,Maharashtra,35311584.0
1386.0,3.0,4.0,Lakshadweep,11280805.0
2031.0,3.0,4.0,Rajasthan,14284104.0
1069.0,3.0,3.0,West Bengal,7718491.0
2410.0,3.0,3.0,Mizoram,17485190.0
1257.0,2.0,3.0,Jharkhand,7714252.0
1139.0,2.0,1.0,Jharkhand,6451382.0
2070.0,5.0,6.0,Karnataka,38993038.0
1501.0,3.0,2.0,Sikkim,12315356.0
1447.0,5.0,4.0,Haryana,15761738.0
1609.0,2.0,2.0,Chhattisgarh,10404358.0
1224.0,3.0,2.0,Himachal Pradesh,10725119.0
1728.0,2.0,3.0,Andaman and Nicobar Islands,8916035.0
1733.0,2.0,3.0,Assam,11657798.0
1328.0,1.0,1.0,Assam,8387358.0
1298.0,2.0,3.0,Punjab,9249596.0
1781.0,4.0,5.0,Puducherry,18782831.0
1458.0,2.0,3.0,Odisha,11335804.0
2581.0,3.0,4.0,Kerala,33387998.0
2067.0,3.0,3.0,Odisha,20103963.0
1921.0,2.0,1.0,Chandigarh,19113424.0
3409.0,3.0,4.0,Tripura,26206844.0
1841.0,2.0,2.0,Lakshadweep,13364772.0
2454.0,5.0,6.0,Uttar Pradesh,20832776.0
1906.0,4.0,5.0,Chandigarh,23476461.0
1094.0,3.0,2.0,Ladakh,8717469.0
1423.0,3.0,3.0,Odisha,10854188.0
1139.0,2.0,1.0,Ladakh,8063209.0
2232.0,4.0,3.0,Kerala,23347349.0
1424.0,2.0,3.0,Chandigarh,14767185.0
1277.0,1.0,2.0,Jammu and Kashmir,9243403.0
2093.0,2.0,3.0,Delhi,20078870.0
2233.0,4.0,5.0,Gujarat,22410503.0
1256.0,3.0,3.0,Nagaland,7884851.0
1506.0,4.0,4.0,Meghalaya,10852220.0
2398.0,4.0,5.0,Manipur,20943557.0
1925.0,2.0,2.0,Jammu and Kashmir,15804599.0
1016.0,4.0,4.0,Uttarakhand,11367118.0
1648.0,3.0,2.0,Assam,12614056.0
1748.0,3.0,4.0,Himachal Pradesh,18307977.0
1552.0,1.0,2.0,Bihar,9958540.0
1985.0,5.0,6.0,Himachal Pradesh,22791391.0
1722.0,2.0,2.0,Uttarakhand,15593360.0
1615.0,1.0,1.0,Jammu and Kashmir,12624003.0
1727.0,3.0,2.0,Tripura,12670693.0
1336.0,2.0,2.0,Ladakh,12318226.0
1469.0,2.0,3.0,Odisha,7135075.0
1772.0,3.0,4.0,Kerala,18846800.0
1335.0,2.0,3.0,Goa,16049434.0
1387.0,4.0,4.0,Punjab,12725551.0
1345.0,2.0,3.0,Uttarakhand,13300545.0
1596.0,3.0,4.0,Goa,18350202.0
1393.0,3.0,2.0,Rajasthan,11434813.0
1575.0,3.0,4.0,Goa,18842068.0
1559.0,3.0,2.0,Odisha,9445420.0
1280.0,3.0,3.0,Rajasthan,9056420.0
981.0,5.0,6.0,Kerala,12549092.0
1348.0,2.0,2.0,Puducherry,7123418.0
1741.0,2.0,3.0,Goa,23422121.0
2352.0,3.0,2.0,Arunachal Pradesh,17857157.0
1990.0,4.0,4.0,Assam,18068143.0
610.0,1.0,2.0,Kerala,5054089.0
1876.0,3.0,3.0,Tripura,13592409.0
2268.0,4.0,5.0,Bihar,18800862.0
1784.0,3.0,3.0,Kerala,22826695.0
2235.0,5.0,6.0,Odisha,13421185.0
1379.0,3.0,3.0,Dadra and Nagar Haveli and Daman and Diu,8886295.0
1873.0,3.0,4.0,Odisha,14131810.0
1550.0,2.0,1.0,Haryana,12294525.0
2348.0,5.0,4.0,Sikkim,24026277.0
879.0,2.0,1.0,Maharashtra,9972882.0
1687.0,3.0,4.0,Madhya Pradesh,11716090.0
491.0,2.0,1.0,Chhattisgarh,3087543.0
1375.0,3.0,2.0,Kerala,15170894.0
1022.0,3.0,4.0,Tamil Nadu,13822898.0
1291.0,3.0,3.0,Andaman and Nicobar Islands,8887359.0
1678.0,4.0,3.0,Punjab,12828048.0
1355.0,2.0,1.0,Ladakh,10397114.0
736.0,3.0,2.0,Odisha,4087711.0
1588.0,2.0,3.0,Mizoram,11329447.0
984.0,2.0,2.0,Karnataka,11168949.0
1742.0,3.0,4.0,Haryana,22102938.0
898.0,2.0,1.0,Meghalaya,6000958.0
1424.0,2.0,2.0,Chandigarh,15427439.0
1313.0,3.0,2.0,Manipur,8099018.0
1717.0,3.0,3.0,Assam,11942691.0
1757.0,3.0,3.0,Mizoram,10883892.0
1154.0,1.0,2.0,Meghalaya,6316944.0
599.0,2.0,2.0,Assam,4478509.0
914.0,2.0,3.0,Punjab,7281520.0
900.0,4.0,4.0,Jharkhand,6254573.0
1709.0,4.0,3.0,Rajasthan,12597128.0
1112.0,2.0,3.0,Andhra Pradesh,7448387.0
1948.0,3.0,3.0,Chhattisgarh,15178008.0
1402.0,2.0,1.0,Ladakh,8493539.0
1161.0,2.0,3.0,Chhattisgarh,6338649.0
1249.0,2.0,3.0,Haryana,13065165.0
1632.0,2.0,1.0,Mizoram,7801874.0
1821.0,3.0,4.0,Chandigarh,18991491.0
2255.0,4.0,5.0,Nagaland,19126532.0
1387.0,2.0,3.0,Assam,9843800.0
1348.0,3.0,2.0,Chhattisgarh,9302031.0
1907.0,3.0,3.0,Manipur,13273626.0
2106.0,5.0,5.0,Rajasthan,20503849.0
1464.0,3.0,3.0,Chhattisgarh,11022684.0
703.0,2.0,2.0,Gujarat,6159968.0
1559.0,3.0,3.0,Uttar Pradesh,11400896.0
790.0,2.0,2.0,West Bengal,5371109.0
1203.0,5.0,6.0,Maharashtra,24377551.0
1034.0,2.0,2.0,Kerala,10749887.0
1047.0,3.0,2.0,Himachal Pradesh,10364517.0
1568.0,1.0,1.0,Meghalaya,8311778.0
1860.0,2.0,3.0,Manipur,11782696.0
1331.0,4.0,5.0,Gujarat,15727806.0
1663.0,3.0,3.0,Andaman and Nicobar Islands,11898058.0
813.0,3.0,2.0,Chandigarh,7332382.0
1510.0,5.0,6.0,Uttarakhand,19481136.0
1938.0,4.0,3.0,Karnataka,30865424.0
1795.0,2.0,2.0,Ladakh,13833256.0
1194.0,3.0,2.0,Kerala,13193789.0
2190.0,3.0,2.0,Rajasthan,15785017.0
1000.0,3.0,4.0,Arunachal Pradesh,8191300.0
708.0,2.0,2.0,Arunachal Pradesh,3859620.0
1581.0,2.0,1.0,Goa,17894767.0
2674.0,4.0,4.0,Ladakh,26341336.0
1846.0,4.0,3.0,Nagaland,15476364.0
1874.0,4.0,4.0,Ladakh,17188155.0
1246.0,5.0,5.0,Karnataka,14234473.0
501.0,3.0,3.0,Uttar Pradesh,3173849.0
1539.0,4.0,5.0,Chandigarh,18577144.0
2061.0,4.0,3.0,Maharashtra,29905918.0
1206.0,3.0,2.0,Madhya Pradesh,10176698.0
1594.0,3.0,3.0,Ladakh,15280991.0
1400.0,2.0,3.0,Sikkim,11761960.0
1973.0,3.0,3.0,Goa,26414049.0
1379.0,2.0,1.0,Uttarakhand,11994012.0
2119.0,2.0,3.0,Haryana,19453194.0
1504.0,3.0,3.0,Madhya Pradesh,10764802.0
1539.0,2.0,1.0,Lakshadweep,8348095.0
1891.0,2.0,2.0,Tamil Nadu,26555738.0
1129.0,4.0,3.0,Karnataka,17023331.0
2984.0,4.0,5.0,Gujarat,33204705.0
1314.0,2.0,1.0,Andaman and Nicobar Islands,8086745.0
1444.0,1.0,1.0,Jammu and Kashmir,10787478.0
1676.0,2.0,2.0,Sikkim,13004603.0
2863.0,4.0,3.0,Andaman and Nicobar Islands,20899143.0
1724.0,4.0,4.0,Tripura,12804470.0
877.0,2.0,1.0,Madhya Pradesh,5695075.0
2649.0,4.0,4.0,Chandigarh,29864440.0
1457.0,2.0,3.0,Gujarat,13611330.0
1502.0,2.0,3.0,Madhya Pradesh,8525632.0
1729.0,5.0,4.0,Haryana,21883665.0
1520.0,2.0,1.0,Assam,9278536.0
1252.0,2.0,2.0,Mizoram,7823891.0
1546.0,3.0,4.0,Nagaland,11934885.0
1215.0,3.0,4.0,Bihar,9983403.0
2529.0,5.0,4.0,Gujarat,34383565.0
2894.0,5.0,4.0,Delhi,48881473.0
1251.0,1.0,1.0,Mizoram,6949060.0
1534.0,2.0,1.0,Puducherry,8920872.0
1218.0,4.0,4.0,Puducherry,8587296.0
1702.0,2.0,3.0,Uttar Pradesh,10686571.0
2001.0,4.0,3.0,Punjab,15644603.0
1613.0,3.0,4.0,Haryana,16098087.0
1774.0,2.0,2.0,Assam,11663916.0
1577.0,4.0,4.0,Meghalaya,11238034.0
1565.0,2.0,3.0,Tripura,8470724.0
1004.0,3.0,2.0,West Bengal,7741109.0
1984.0,3.0,4.0,Delhi,26045035.0
2711.0,3.0,2.0,Delhi,31605503.0
1833.0,3.0,3.0,Andhra Pradesh,11592653.0
2303.0,3.0,4.0,Chandigarh,26667411.0
1614.0,5.0,5.0,Madhya Pradesh,16621782.0
2025.0,5.0,4.0,Madhya Pradesh,16534115.0
1145.0,3.0,3.0,Jammu and Kashmir,9993819.0
1366.0,2.0,2.0,Haryana,14645788.0
1994.0,3.0,2.0,Sikkim,13485282.0
1731.0,5.0,6.0,Kerala,28456121.0
921.0,2.0,1.0,Sikkim,9147817.0
872.0,3.0,3.0,Uttarakhand,5275727.0
979.0,3.0,3.0,Haryana,10294682.0
1483.0,1.0,1.0,Dadra and Nagar Haveli and Daman and Diu,7750921.0
2633.0,3.0,4.0,Uttarakhand,23657900.0
1819.0,2.0,2.0,Meghalaya,11229887.0
1181.0,4.0,3.0,Gujarat,14774884.0
2297.0,4.0,4.0,Meghalaya,18263728.0
2534.0,4.0,4.0,Lakshadweep,18191511.0
707.0,2.0,2.0,Tripura,4500547.0
1318.0,2.0,3.0,Goa,17464740.0
2477.0,3.0,3.0,West Bengal,15471097.0
2001.0,4.0,5.0,Uttar Pradesh,13359477.0
1274.0,3.0,3.0,Chhattisgarh,11492576.0
2104.0,4.0,4.0,Chandigarh,22874405.0
548.0,2.0,1.0,Madhya Pradesh,3363158.0
1737.0,4.0,4.0,Andhra Pradesh,13331913.0
2074.0,2.0,1.0,Gujarat,20158922.0
1386.0,2.0,3.0,Karnataka,20977013.0
1238.0,3.0,4.0,Uttarakhand,12288158.0
1642.0,1.0,2.0,West Bengal,8030072.0
1725.0,1.0,2.0,Chandigarh,12572372.0
1856.0,1.0,1.0,Tripura,10108055.0
2161.0,3.0,2.0,Assam,14681921.0
2620.0,4.0,5.0,Puducherry,17294106.0
1551.0,1.0,1.0,Tamil Nadu,17988915.0
1627.0,3.0,2.0,Tripura,9932646.0
1516.0,4.0,3.0,Delhi,25742324.0
1597.0,2.0,3.0,Tripura,13154325.0
951.0,2.0,2.0,Bihar,5997350.0
1505.0,4.0,3.0,Lakshadweep,12357372.0
1371.0,4.0,5.0,Kerala,14206772.0
1748.0,3.0,2.0,Haryana,19276717.0
2591.0,4.0,4.0,Andaman and Nicobar Islands,19634982.0
1411.0,2.0,1.0,Punjab,7655914.0
2041.0,2.0,2.0,Himachal Pradesh,15761089.0
2542.0,3.0,3.0,Mizoram,17471477.0
1242.0,2.0,3.0,Jharkhand,8068319.0
1842.0,4.0,4.0,Jammu and Kashmir,20355019.0
1372.0,3.0,2.0,Telangana,16105482.0
2800.0,4.0,3.0,Assam,26387148.0
2114.0,3.0,2.0,Puducherry,12480569.0
908.0,2.0,2.0,Puducherry,7046112.0
1537.0,2.0,1.0,Jammu and Kashmir,10364274.0
2104.0,2.0,2.0,Goa,25244930.0
1952.0,4.0,5.0,Andaman and Nicobar Islands,15285308.0
1616.0,2.0,3.0,Uttar Pradesh,10473566.0
1674.0,2.0,2.0,Uttarakhand,14679813.0
1067.0,2.0,3.0,Delhi,15712792.0
1667.0,2.0,3.0,Andhra Pradesh,12878831.0
1136.0,4.0,4.0,Bihar,8711328.0
1180.0,2.0,3.0,Arunachal Pradesh,8153172.0
2723.0,5.0,4.0,Sikkim,26056253.0
1818.0,2.0,3.0,Tripura,10827380.0
1608.0,3.0,2.0,Chandigarh,14228668.0
1986.0,3.0,4.0,Puducherry,14188150.0
1409.0,2.0,3.0,Chhattisgarh,9810134.0
1656.0,4.0,4.0,Jammu and Kashmir,12658754.0
2492.0,5.0,4.0,Manipur,21262427.0
1534.0,4.0,4.0,Odisha,14613343.0
1307.0,2.0,2.0,Telangana,17795526.0
1280.0,2.0,3.0,Andhra Pradesh,8045182.0
912.0,3.0,4.0,Dadra and Nagar Haveli and Daman and Diu,5723812.0
985.0,2.0,2.0,Gujarat,9873843.0
2612.0,3.0,4.0,Haryana,20779591.0
1899.0,3.0,3.0,West Bengal,15666428.0
1292.0,3.0,3.0,Punjab,9164686.0
1190.0,4.0,5.0,Haryana,17650358.0
1604.0,3.0,4.0,Uttarakhand,11800389.0
1926.0,1.0,1.0,Ladakh,15052942.0
1197.0,1.0,1.0,Lakshadweep,6764260.0
2230.0,3.0,4.0,Karnataka,29808439.0
1552.0,3.0,4.0,Chandigarh,14291621.0
1607.0,2.0,2.0,Uttar Pradesh,11192246.0
820.0,2.0,1.0,Andaman and Nicobar Islands,5531959.0
2341.0,4.0,3.0,Chhattisgarh,22171329.0
1780.0,4.0,3.0,Delhi,28732601.0
1924.0,3.0,3.0,Gujarat,19012419.0
1150.0,2.0,2.0,Bihar,6574535.0
1518.0,2.0,3.0,Andaman and Nicobar Islands,8576517.0
1282.0,3.0,2.0,Nagaland,10590659.0
1333.0,2.0,3.0,Uttarakhand,10054913.0
2016.0,3.0,3.0,Bihar,17283428.0
1217.0,3.0,2.0,Gujarat,13273172.0
995.0,1.0,1.0,Lakshadweep,5916713.0
2098.0,1.0,1.0,Uttar Pradesh,11558649.0
1841.0,2.0,3.0,Nagaland,13431822.0
1478.0,4.0,5.0,Punjab,12274131.0
1661.0,3.0,4.0,Maharashtra,22096725.0
1321.0,2.0,2.0,Karnataka,17175968.0
1267.0,4.0,4.0,Dadra and Nagar Haveli and Daman and Diu,10035590.0
2114.0,3.0,2.0,Telangana,24772760.0
1117.0,3.0,4.0,Rajasthan,9028402.0
2616.0,5.0,4.0,Andaman and Nicobar Islands,22272939.0
1114.0,1.0,1.0,Odisha,6745925.0
1287.0,2.0,1.0,Assam,7593493.0
1913.0,3.0,3.0,Puducherry,11905960.0
1647.0,2.0,1.0,Sikkim,15282586.0
887.0,3.0,2.0,Bihar,7382382.0
1777.0,2.0,2.0,Karnataka,23585500.0
1333.0,2.0,3.0,Bihar,8591729.0
1089.0,2.0,2.0,Maharashtra,12597053.0
1595.0,3.0,4.0,Uttar Pradesh,14021214.0
1973.0,2.0,3.0,Arunachal Pradesh,12771176.0
2131.0,2.0,3.0,Jharkhand,13312081.0
1689.0,4.0,4.0,West Bengal,16671824.0
792.0,2.0,3.0,Gujarat,7780191.0
1803.0,2.0,3.0,Bihar,14774768.0
1797.0,1.0,2.0,Ladakh,11006518.0
1874.0,2.0,2.0,Lakshadweep,12938441.0
1802.0,2.0,1.0,Mizoram,14039070.0
1726.0,3.0,3.0,Haryana,18430203.0
1313.0,2.0,3.0,Uttarakhand,10578077.0
2041.0,4.0,5.0,Lakshadweep,14601552.0
921.0,4.0,4.0,Gujarat,12258510.0
1867.0,2.0,1.0,Uttarakhand,13013457.0
1711.0,2.0,2.0,Uttar Pradesh,10994970.0
1502.0,2.0,3.0,Ladakh,10645384.0
918.0,3.0,3.0,Andaman and Nicobar Islands,7931615.0
1670.0,2.0,2.0,Manipur,12359354.0
2725.0,4.0,4.0,Madhya Pradesh,21880255.0
1841.0,4.0,3.0,Chandigarh,18080690.0
2511.0,4.0,3.0,Meghalaya,23195636.0
1585.0,3.0,4.0,Tamil Nadu,21094365.0
2983.0,5.0,4.0,Assam,22199728.0
856.0,1.0,2.0,Puducherry,4036472.0
1551.0,2.0,1.0,Chandigarh,13048649.0
1113.0,2.0,2.0,Puducherry,5971670.0
1440.0,5.0,5.0,Karnataka,21744385.0
1637.0,3.0,4.0,Andaman and Nicobar Islands,13445567.0
2549.0,4.0,5.0,Uttarakhand,24925927.0
2310.0,2.0,2.0,Chandigarh,22881683.0
2373.0,5.0,5.0,Manipur,19156485.0
1725.0,3.0,4.0,Chhattisgarh,13108215.0
2930.0,3.0,3.0,Uttar Pradesh,26247230.0
1829.0,5.0,4.0,Puducherry,15036572.0
1062.0,2.0,2.0,Rajasthan,7221446.0
589.0,2.0,1.0,Karnataka,5510575.0
2229.0,3.0,3.0,Kerala,28042763.0
1926.0,2.0,2.0,Meghalaya,11802102.0
2491.0,2.0,1.0,Rajasthan,17503359.0
722.0,2.0,1.0,Tamil Nadu,8194495.0
1974.0,2.0,3.0,Andaman and Nicobar Islands,14323567.0
1455.0,4.0,4.0,Mizoram,12671600.0
1960.0,3.0,2.0,Assam,13012174.0
542.0,2.0,3.0,Gujarat,6056614.0
2001.0,2.0,3.0,Sikkim,15132021.0
1923.0,3.0,4.0,Goa,29267024.0
1382.0,3.0,4.0,Rajasthan,9932354.0
2201.0,4.0,5.0,Kerala,27886835.0
1878.0,5.0,5.0,Delhi,28949807.0
1133.0,2.0,1.0,Himachal Pradesh,8753624.0
1199.0,2.0,3.0,Madhya Pradesh,7059962.0
903.0,3.0,2.0,Punjab,6527373.0
1899.0,3.0,2.0,Manipur,13401668.0
2035.0,3.0,4.0,Uttar Pradesh,14349333.0
1540.0,3.0,4.0,Telangana,21295245.0
1956.0,3.0,3.0,Punjab,14468662.0
1413.0,2.0,3.0,Manipur,8845396.0
1719.0,2.0,3.0,Gujarat,16721304.0
940.0,2.0,3.0,Jharkhand,5587638.0
1225.0,2.0,1.0,Bihar,9795694.0
1980.0,2.0,2.0,Jammu and Kashmir,17853173.0
1793.0,3.0,2.0,Uttar Pradesh,12999348.0
2416.0,2.0,3.0,Karnataka,34392621.0
1487.0,2.0,1.0,Bihar,7075050.0
1174.0,3.0,4.0,Mizoram,6135103.0
2460.0,4.0,3.0,Uttarakhand,22484441.0
1706.0,2.0,2.0,Telangana,17085364.0
2355.0,4.0,3.0,Goa,32949148.0
1975.0,4.0,5.0,Kerala,24608686.0
1249.0,3.0,3.0,Madhya Pradesh,10097009.0
1951.0,3.0,4.0,Delhi,23448374.0
1165.0,1.0,1.0,Goa,12892370.0
1348.0,5.0,5.0,Delhi,22037348.0
1235.0,2.0,3.0,West Bengal,8696746.0
2502.0,4.0,5.0,Puducherry,19518251.0
1614.0,3.0,2.0,Tamil Nadu,24389238.0
663.0,1.0,1.0,Sikkim,4609545.0
631.0,1.0,1.0,Uttarakhand,5388001.0
2263.0,3.0,3.0,Assam,14912076.0
1741.0,3.0,3.0,Telangana,25484814.0
1038.0,1.0,1.0,Arunachal Pradesh,5894847.0
1707.0,3.0,4.0,Ladakh,15217949.0
1189.0,4.0,3.0,Manipur,9977906.0
2864.0,3.0,2.0,Himachal Pradesh,23856596.0
1653.0,3.0,4.0,Chandigarh,12397198.0
1915.0,1.0,2.0,Chhattisgarh,7242694.0
1633.0,4.0,4.0,Sikkim,18672851.0
2092.0,2.0,3.0,Haryana,23720340.0
2278.0,4.0,4.0,Haryana,32912419.0
2049.0,2.0,2.0,Uttar Pradesh,13290486.0
2230.0,3.0,2.0,Chandigarh,19330773.0
1835.0,2.0,1.0,Tripura,10873872.0
1466.0,2.0,2.0,Uttar Pradesh,9542064.0
1832.0,4.0,4.0,Manipur,12981538.0
2278.0,3.0,4.0,Chandigarh,30069771.0
964.0,3.0,3.0,Chandigarh,13013419.0
2074.0,5.0,6.0,Gujarat,29167359.0
2164.0,5.0,5.0,Maharashtra,35270440.0
2218.0,4.0,3.0,Chandigarh,21355980.0
1326.0,2.0,3.0,Kerala,15532037.0
1877.0,3.0,3.0,Bihar,13789684.0
1508.0,4.0,4.0,Madhya Pradesh,11732723.0
736.0,2.0,2.0,Andaman and Nicobar Islands,5060232.0
1283.0,2.0,1.0,Odisha,7443221.0
844.0,4.0,4.0,Andhra Pradesh,6922537.0
993.0,3.0,3.0,Dadra and Nagar Haveli and Daman and Diu,5977722.0
1566.0,3.0,3.0,Chhattisgarh,12887678.0
2481.0,5.0,4.0,Sikkim,25871100.0
2077.0,3.0,3.0,Andhra Pradesh,17223166.0
1784.0,3.0,3.0,Karnataka,23398244.0
661.0,2.0,2.0,Manipur,4226278.0
768.0,2.0,1.0,Lakshadweep,4095142.0
2127.0,2.0,2.0,Nagaland,15085982.0
1378.0,4.0,3.0,Rajasthan,9618735.0
1982.0,4.0,4.0,Jharkhand,15042453.0
1098.0,2.0,1.0,Sikkim,8433700.0
1733.0,2.0,2.0,Haryana,16702993.0
1169.0,4.0,5.0,West Bengal,7734844.0
1556.0,1.0,2.0,Lakshadweep,9047165.0
1522.0,3.0,4.0,Puducherry,12570996.0
1602.0,3.0,4.0,Telangana,21287415.0
1221.0,3.0,2.0,Rajasthan,8340268.0
1626.0,2.0,2.0,Tamil Nadu,19892264.0
924.0,3.0,3.0,Madhya Pradesh,6625044.0
1560.0,2.0,3.0,Andhra Pradesh,9241511.0
2989.0,3.0,3.0,Ladakh,26664632.0
1994.0,1.0,2.0,Chhattisgarh,13346534.0
2050.0,3.0,2.0,Tripura,12575703.0
1440.0,3.0,2.0,Delhi,17823752.0
628.0,2.0,1.0,Delhi,6035101.0
1156.0,2.0,2.0,Delhi,15439062.0
2050.0,2.0,2.0,Mizoram,13177319.0
1280.0,2.0,1.0,Maharashtra,13241196.0
1056.0,2.0,3.0,Uttarakhand,8883197.0
1913.0,5.0,6.0,Jharkhand,14893984.0
1056.0,2.0,2.0,Gujarat,8787837.0
1363.0,4.0,3.0,Andhra Pradesh,8768608.0
1747.0,5.0,6.0,Andaman and Nicobar Islands,13862580.0
962.0,2.0,3.0,Jammu and Kashmir,9307510.0
1484.0,3.0,2.0,Uttar Pradesh,9501193.0
1754.0,4.0,3.0,Lakshadweep,14446622.0
2147.0,3.0,3.0,Tripura,14061577.0
1860.0,3.0,3.0,Assam,14774963.0
1584.0,3.0,2.0,Assam,9750516.0
1530.0,1.0,2.0,Tamil Nadu,16970713.0
1819.0,3.0,3.0,Assam,13326305.0
2089.0,5.0,5.0,Andhra Pradesh,23625203.0
1917.0,5.0,4.0,Jharkhand,17692158.0
1519.0,1.0,2.0,Uttar Pradesh,8437334.0
1662.0,3.0,2.0,Nagaland,12626356.0
1475.0,2.0,3.0,Assam,12529369.0
1462.0,4.0,4.0,Tamil Nadu,17500318.0
957.0,1.0,2.0,Tamil Nadu,9497153.0
2574.0,5.0,4.0,Rajasthan,21457096.0
2339.0,4.0,3.0,Tripura,17331067.0
1433.0,2.0,3.0,Delhi,17169724.0
1422.0,1.0,2.0,West Bengal,7172686.0
2008.0,4.0,4.0,Haryana,27639382.0
1590.0,2.0,1.0,Rajasthan,8227854.0
1943.0,3.0,4.0,Maharashtra,26396752.0
2028.0,4.0,4.0,Rajasthan,18397057.0
1599.0,3.0,4.0,Meghalaya,12012789.0
2279.0,2.0,3.0,Mizoram,13595410.0
2107.0,3.0,4.0,Meghalaya,13315646.0
1516.0,1.0,2.0,Rajasthan,8815468.0
2285.0,5.0,6.0,Puducherry,18904545.0
1638.0,2.0,2.0,Bihar,10909211.0
1175.0,2.0,1.0,Sikkim,7506397.0
1823.0,2.0,2.0,Madhya Pradesh,13005588.0
3372.0,5.0,6.0,Haryana,45469454.0
1494.0,2.0,3.0,Lakshadweep,10329509.0
2117.0,4.0,4.0,Uttarakhand,24632264.0
1248.0,3.0,4.0,Tamil Nadu,16459506.0
1791.0,4.0,3.0,Tamil Nadu,23544108.0
2963.0,5.0,5.0,Kerala,35765624.0
1593.0,4.0,4.0,Rajasthan,12542945.0
2126.0,5.0,6.0,Jammu and Kashmir,23551282.0
768.0,2.0,1.0,Nagaland,4314604.0
1527.0,4.0,3.0,Mizoram,9019061.0
893.0,3.0,3.0,Delhi,11194053.0
1561.0,3.0,2.0,Goa,21104097.0
3061.0,4.0,4.0,Arunachal Pradesh,25075066.0
1635.0,5.0,5.0,Chandigarh,24164955.0
676.0,3.0,4.0,Karnataka,11618037.0
2303.0,3.0,4.0,Ladakh,23319243.0
1404.0,3.0,2.0,Chandigarh,16794872.0
2041.0,2.0,1.0,Karnataka,25675757.0
1265.0,2.0,1.0,Manipur,9513271.0
1211.0,2.0,1.0,Delhi,17049209.0
1499.0,2.0,3.0,Himachal Pradesh,13895195.0
1571.0,1.0,1.0,Jammu and Kashmir,11997334.0
1717.0,4.0,3.0,Lakshadweep,13062769.0
1573.0,3.0,4.0,Jammu and Kashmir,14525030.0
1330.0,5.0,6.0,Puducherry,11612339.0
1057.0,3.0,2.0,Haryana,11653303.0
1433.0,1.0,1.0,Karnataka,13824402.0
640.0,2.0,2.0,Jammu and Kashmir,5002584.0
1200.0,2.0,2.0,Chhattisgarh,5595561.0
2383.0,5.0,6.0,Nagaland,26169187.0
1827.0,2.0,2.0,Delhi,21343958.0
1847.0,3.0,2.0,Gujarat,19986222.0
2058.0,5.0,5.0,Rajasthan,21375253.0
3125.0,5.0,5.0,Uttarakhand,35225197.0
1810.0,2.0,2.0,Nagaland,13804124.0
1590.0,1.0,1.0,Tripura,7739597.0
1878.0,2.0,3.0,Tamil Nadu,30180044.0
1725.0,1.0,2.0,Ladakh,14352234.0
1352.0,2.0,1.0,Punjab,8648272.0
1091.0,3.0,3.0,Haryana,13593360.0
1993.0,4.0,5.0,Kerala,20836273.0
1773.0,3.0,3.0,Madhya Pradesh,12460406.0
2144.0,3.0,3.0,Uttarakhand,22539568.0
1146.0,2.0,1.0,Tamil Nadu,10244067.0
1409.0,4.0,3.0,Ladakh,14436117.0
1790.0,3.0,4.0,Mizoram,14358508.0
1728.0,4.0,5.0,Dadra and Nagar Haveli and Daman and Diu,17774338.0
1449.0,5.0,6.0,Rajasthan,10681177.0
1776.0,2.0,1.0,Madhya Pradesh,13222838.0
546.0,2.0,1.0,Madhya Pradesh,3178303.0
954.0,2.0,1.0,Punjab,5633636.0
2317.0,3.0,3.0,Meghalaya,14394263.0
3279.0,5.0,5.0,Arunachal Pradesh,25202416.0
1050.0,2.0,3.0,Gujarat,10876337.0
1371.0,4.0,5.0,Chhattisgarh,9884153.0
1612.0,3.0,2.0,Puducherry,12321508.0
2150.0,2.0,3.0,Andhra Pradesh,13377734.0
1206.0,2.0,1.0,Dadra and Nagar Haveli and Daman and Diu,6430006.0
1714.0,3.0,2.0,Manipur,11270190.0
2081.0,3.0,3.0,Odisha,15761801.0
1180.0,3.0,2.0,Lakshadweep,8007902.0
1686.0,2.0,2.0,Tamil Nadu,20315057.0
1027.0,3.0,3.0,Uttar Pradesh,8101188.0
1457.0,2.0,1.0,Bihar,10272604.0
1384.0,5.0,5.0,Uttarakhand,14497593.0
1126.0,2.0,2.0,Meghalaya,6401881.0
1626.0,2.0,3.0,Meghalaya,11092129.0
1831.0,3.0,2.0,Assam,13579566.0
1440.0,3.0,2.0,Meghalaya,8336858.0
1435.0,3.0,3.0,Puducherry,9330319.0
1302.0,3.0,2.0,Maharashtra,15417660.0
2137.0,5.0,6.0,Assam,18961725.0
2125.0,3.0,2.0,Lakshadweep,13555173.0
667.0,3.0,3.0,Uttar Pradesh,5267746.0
980.0,3.0,4.0,Puducherry,5965922.0
1353.0,1.0,1.0,Bihar,6272077.0
1400.0,3.0,2.0,Uttarakhand,11611354.0
1702.0,2.0,3.0,Uttarakhand,13862157.0
1900.0,3.0,3.0,Chhattisgarh,11417524.0
1220.0,1.0,1.0,Rajasthan,6470304.0
1602.0,5.0,4.0,Jharkhand,13083671.0
1696.0,3.0,4.0,Manipur,12184308.0
2664.0,4.0,5.0,Kerala,32984650.0
1015.0,3.0,3.0,Rajasthan,6802575.0
1288.0,1.0,1.0,West Bengal,8673890.0
2133.0,4.0,5.0,Rajasthan,18786234.0
2296.0,3.0,2.0,Uttar Pradesh,14556841.0
1394.0,4.0,3.0,Uttarakhand,13534175.0
2241.0,3.0,4.0,Assam,17148601.0
1978.0,3.0,2.0,Goa,29371589.0
1749.0,4.0,5.0,Odisha,13503291.0
1538.0,3.0,3.0,Manipur,12227634.0
1398.0,2.0,3.0,Andhra Pradesh,9497945.0
1412.0,3.0,2.0,Assam,11686412.0
1901.0,3.0,4.0,Lakshadweep,16553905.0
2134.0,5.0,4.0,Meghalaya,18742516.0
1687.0,2.0,1.0,Chhattisgarh,10195558.0
1545.0,3.0,4.0,Chhattisgarh,12357493.0
1023.0,4.0,4.0,Bihar,8066835.0
2661.0,3.0,4.0,Maharashtra,44509975.0
1364.0,3.0,2.0,Andaman and Nicobar Islands,9665445.0
1475.0,3.0,2.0,Maharashtra,18185488.0
1991.0,2.0,2.0,Ladakh,15049510.0
1645.0,3.0,4.0,Kerala,15489125.0
1649.0,2.0,2.0,Nagaland,11434357.0
1389.0,2.0,3.0,Lakshadweep,8465687.0
1555.0,3.0,4.0,Puducherry,13269755.0
1651.0,3.0,4.0,Punjab,10517122.0
1196.0,4.0,4.0,Uttar Pradesh,9786949.0
1261.0,2.0,3.0,Rajasthan,9700951.0
1681.0,2.0,2.0,Lakshadweep,8104517.0
2817.0,5.0,6.0,Ladakh,39191650.0
1638.0,2.0,2.0,Delhi,18652871.0
350.0,2.0,2.0,Manipur,2313519.0
1225.0,2.0,2.0,Chandigarh,12435529.0
2867.0,3.0,3.0,Uttar Pradesh,22690431.0
2521.0,4.0,5.0,Tamil Nadu,39995218.0
1494.0,4.0,5.0,Bihar,13917788.0
1870.0,3.0,3.0,Rajasthan,14461571.0
1022.0,2.0,1.0,Bihar,7724836.0
1062.0,2.0,2.0,Odisha,7335675.0
1298.0,3.0,2.0,Assam,11260162.0
1414.0,2.0,1.0,Ladakh,12033754.0
686.0,2.0,1.0,Mizoram,3353068.0
720.0,2.0,2.0,Puducherry,6146395.0
1618.0,2.0,3.0,Karnataka,18800937.0
1569.0,3.0,3.0,Uttar Pradesh,13472230.0
1980.0,3.0,3.0,Punjab,14460745.0
767.0,1.0,1.0,Dadra and Nagar Haveli and Daman and Diu,4945871.0
1932.0,3.0,4.0,Nagaland,13363768.0
1032.0,4.0,3.0,Puducherry,8654039.0
2354.0,3.0,4.0,Himachal Pradesh,21181403.0
814.0,4.0,5.0,Puducherry,8055732.0
1236.0,3.0,4.0,Tripura,9810017.0
2201.0,4.0,3.0,Sikkim,23502731.0
2386.0,2.0,1.0,Punjab,11022221.0
1646.0,2.0,1.0,Meghalaya,10165570.0
1824.0,2.0,3.0,Goa,23884992.0
1594.0,3.0,2.0,Rajasthan,11490147.0
941.0,2.0,3.0,Jammu and Kashmir,8732122.0
1296.0,2.0,1.0,Madhya Pradesh,7731950.0
1182.0,4.0,3.0,Haryana,13553688.0
917.0,2.0,1.0,Haryana,9548478.0
1513.0,2.0,3.0,Chandigarh,10860898.0
849.0,2.0,2.0,Uttarakhand,7272344.0
1898.0,3.0,3.0,Chandigarh,19385595.0
981.0,2.0,2.0,Assam,5678412.0
1475.0,2.0,2.0,Uttar Pradesh,9974694.0
1321.0,2.0,2.0,Madhya Pradesh,9851241.0
2325.0,4.0,4.0,Karnataka,38910026.0
2151.0,5.0,4.0,Puducherry,18156349.0
2451.0,3.0,2.0,Jammu and Kashmir,23402070.0
1445.0,3.0,3.0,Bihar,11615407.0
2036.0,4.0,3.0,Puducherry,15714297.0
2131.0,5.0,5.0,Chhattisgarh,17271287.0
1327.0,3.0,2.0,Madhya Pradesh,8605434.0
1465.0,4.0,5.0,Uttarakhand,16509897.0
1320.0,4.0,3.0,Uttar Pradesh,10243927.0
1212.0,4.0,3.0,Himachal Pradesh,10174495.0
580.0,3.0,3.0,Rajasthan,3368700.0
382.0,2.0,1.0,Meghalaya,2621618.0
772.0,1.0,1.0,Ladakh,5078279.0
2063.0,3.0,2.0,Chandigarh,22005554.0
984.0,3.0,2.0,Jammu and Kashmir,9766523.0
772.0,2.0,3.0,Mizoram,4399011.0
2552.0,3.0,4.0,West Bengal,19137856.0
1484.0,3.0,2.0,Andaman and Nicobar Islands,10204292.0
1780.0,4.0,5.0,Odisha,15484461.0
1690.0,2.0,3.0,Tamil Nadu,24227445.0
1491.0,2.0,2.0,Uttarakhand,10025076.0
873.0,4.0,4.0,Karnataka,13878457.0
1538.0,4.0,5.0,Bihar,14380105.0
1294.0,5.0,5.0,Goa,20645769.0
2694.0,4.0,4.0,Tamil Nadu,39425544.0
979.0,4.0,4.0,Telangana,15299012.0
841.0,2.0,3.0,Meghalaya,5920401.0
1012.0,2.0,3.0,Bihar,7319193.0
838.0,2.0,1.0,Bihar,5581320.0
2321.0,3.0,3.0,Ladakh,18345610.0
3094.0,5.0,6.0,Manipur,31501162.0
1061.0,2.0,1.0,Andhra Pradesh,7547622.0
934.0,3.0,4.0,Nagaland,7199616.0
405.0,2.0,3.0,Madhya Pradesh,2246916.0
1302.0,2.0,3.0,Andaman and Nicobar Islands,8680328.0
1327.0,2.0,1.0,Assam,8473653.0
1072.0,1.0,1.0,Kerala,7730982.0
2343.0,5.0,5.0,Puducherry,19817013.0
1519.0,2.0,2.0,Sikkim,10096801.0
2128.0,4.0,5.0,Karnataka,35068080.0
1613.0,3.0,3.0,Gujarat,17504101.0
868.0,2.0,2.0,Uttarakhand,5572602.0
1861.0,2.0,3.0,Kerala,19162153.0
1787.0,4.0,5.0,Haryana,21582568.0
1691.0,2.0,3.0,Karnataka,22411469.0
2285.0,4.0,4.0,Andaman and Nicobar Islands,17551793.0
846.0,2.0,3.0,Gujarat,7554582.0
954.0,3.0,2.0,Lakshadweep,6077591.0
1471.0,4.0,4.0,Uttar Pradesh,11090578.0
898.0,2.0,2.0,Puducherry,5850186.0
1873.0,2.0,1.0,Rajasthan,11895032.0
2145.0,5.0,5.0,Madhya Pradesh,18527833.0
1975.0,2.0,2.0,Assam,12185376.0
1883.0,3.0,3.0,Jharkhand,13130186.0
1526.0,3.0,2.0,West Bengal,13936206.0
1893.0,2.0,1.0,Andhra Pradesh,10719834.0
1501.0,4.0,3.0,Telangana,20167172.0
1986.0,4.0,4.0,Nagaland,22334190.0
1981.0,2.0,1.0,Gujarat,18979480.0
1904.0,4.0,4.0,Rajasthan,12804938.0
1368.0,2.0,3.0,Tamil Nadu,18799067.0
939.0,1.0,2.0,Andhra Pradesh,5002012.0
1740.0,3.0,2.0,Assam,13547281.0
2537.0,5.0,6.0,Mizoram,22502249.0
1357.0,1.0,1.0,West Bengal,7352394.0
2254.0,2.0,1.0,Andaman and Nicobar Islands,16780901.0
931.0,3.0,2.0,Mizoram,6979834.0
1876.0,4.0,3.0,Bihar,16341307.0
1321.0,2.0,3.0,Mizoram,9396018.0
1219.0,2.0,1.0,Meghalaya,7200877.0
2684.0,3.0,4.0,Assam,21722024.0
1497.0,2.0,2.0,Nagaland,11142452.0
1201.0,2.0,1.0,Tripura,7615411.0
1451.0,2.0,2.0,Telangana,21176424.0
578.0,2.0,1.0,Andhra Pradesh,3974816.0
1342.0,3.0,3.0,Delhi,18495290.0
2381.0,4.0,4.0,Delhi,36498478.0
1253.0,3.0,3.0,Kerala,13551476.0
1025.0,3.0,2.0,Chandigarh,8937462.0
3077.0,5.0,6.0,Tamil Nadu,51134861.0
2362.0,2.0,2.0,Punjab,15760505.0
1746.0,2.0,1.0,Sikkim,12739752.0
1297.0,4.0,4.0,Dadra and Nagar Haveli and Daman and Diu,10877422.0
1259.0,2.0,1.0,Andaman and Nicobar Islands,7876247.0
1370.0,3.0,4.0,Tripura,11288850.0
1694.0,4.0,5.0,Gujarat,22238177.0
844.0,2.0,1.0,Mizoram,5372199.0
1339.0,3.0,4.0,Tripura,8439644.0
1018.0,2.0,3.0,Andhra Pradesh,8360462.0
860.0,2.0,2.0,Andaman and Nicobar Islands,5494820.0
1677.0,3.0,2.0,Andaman and Nicobar Islands,11658271.0
1378.0,2.0,3.0,Chandigarh,13055044.0
2734.0,4.0,5.0,Andhra Pradesh,21413699.0
1789.0,4.0,5.0,Sikkim,21713699.0
1933.0,4.0,5.0,Manipur,18757497.0
1649.0,2.0,3.0,West Bengal,11741691.0
1289.0,2.0,3.0,Rajasthan,8601234.0
1693.0,2.0,1.0,Uttarakhand,13968230.0
1932.0,2.0,2.0,Delhi,23389309.0
2264.0,5.0,4.0,Gujarat,27742496.0
1404.0,2.0,1.0,Tamil Nadu,16830306.0
1479.0,2.0,3.0,Delhi,17480777.0
951.0,4.0,5.0,Arunachal Pradesh,8151839.0
1031.0,2.0,2.0,Nagaland,6865730.0
1010.0,1.0,2.0,Rajasthan,6476794.0
886.0,2.0,1.0,Uttarakhand,6298931.0
1979.0,3.0,2.0,Uttar Pradesh,15076455.0
2314.0,4.0,5.0,Bihar,17158631.0
932.0,2.0,2.0,Punjab,5641767.0
1963.0,4.0,4.0,Tamil Nadu,27355487.0
1396.0,4.0,4.0,Odisha,9804264.0
1907.0,4.0,3.0,Sikkim,20538472.0
1197.0,2.0,3.0,Tamil Nadu,13201410.0
1579.0,1.0,2.0,Kerala,12643016.0
1591.0,4.0,5.0,Andhra Pradesh,15231278.0
1893.0,2.0,2.0,Kerala,16752171.0
1401.0,3.0,3.0,Dadra and Nagar Haveli and Daman and Diu,9969010.0
1597.0,4.0,5.0,Bihar,11673416.0
856.0,2.0,2.0,Bihar,6120145.0
2339.0,4.0,4.0,Odisha,20767895.0
2806.0,5.0,4.0,Lakshadweep,26210337.0
1877.0,3.0,3.0,Madhya Pradesh,14545973.0
2716.0,3.0,3.0,Puducherry,19947085.0
2442.0,4.0,4.0,Madhya Pradesh,18443993.0
1275.0,3.0,2.0,Meghalaya,8075174.0
1458.0,3.0,2.0,Assam,11819447.0
2056.0,4.0,5.0,Tamil Nadu,34478477.0
1304.0,3.0,3.0,Kerala,12720245.0
2041.0,2.0,2.0,Chandigarh,19482178.0
1733.0,2.0,2.0,Sikkim,13364705.0
1492.0,2.0,2.0,Puducherry,8385034.0
1826.0,3.0,4.0,Andhra Pradesh,14061549.0
2676.0,3.0,2.0,Chhattisgarh,17848891.0
1856.0,3.0,4.0,Andaman and Nicobar Islands,12394637.0
1362.0,2.0,1.0,Goa,12905287.0
2473.0,4.0,4.0,Assam,16191941.0
2231.0,4.0,4.0,Odisha,17180388.0
1319.0,2.0,3.0,Lakshadweep,8825391.0
1727.0,3.0,2.0,West Bengal,10850131.0
2184.0,3.0,3.0,Puducherry,17141093.0
1837.0,3.0,2.0,Meghalaya,12794307.0
929.0,2.0,1.0,Lakshadweep,6198262.0
721.0,4.0,5.0,Andhra Pradesh,5867052.0
1455.0,5.0,6.0,Arunachal Pradesh,11989880.0
1427.0,3.0,3.0,Meghalaya,10530822.0
1627.0,4.0,4.0,Andaman and Nicobar Islands,11126632.0
969.0,5.0,5.0,Andhra Pradesh,9120457.0
1465.0,2.0,1.0,Dadra and Nagar Haveli and Daman and Diu,8113555.0
2074.0,3.0,3.0,Telangana,30945999.0
730.0,3.0,2.0,Kerala,7185604.0
2248.0,5.0,6.0,Odisha,23065124.0
1392.0,2.0,2.0,Jharkhand,7829101.0
1840.0,2.0,1.0,Chhattisgarh,10547774.0
1492.0,4.0,4.0,Jammu and Kashmir,15477210.0
1251.0,2.0,3.0,Assam,9644594.0
2917.0,4.0,3.0,Punjab,27302962.0
1590.0,2.0,3.0,Chhattisgarh,10801754.0
1797.0,5.0,5.0,Jammu and Kashmir,23863011.0
1882.0,4.0,4.0,West Bengal,14641652.0
1452.0,2.0,3.0,Manipur,11109717.0
1305.0,4.0,4.0,Kerala,13634813.0
1529.0,2.0,1.0,Madhya Pradesh,10022054.0
1305.0,3.0,4.0,Rajasthan,7074713.0
1410.0,3.0,2.0,Goa,15814139.0
1276.0,4.0,4.0,Meghalaya,10860508.0
1115.0,1.0,2.0,Telangana,10370928.0
1104.0,2.0,2.0,Maharashtra,13926747.0
1274.0,3.0,4.0,Kerala,15566624.0
1675.0,3.0,3.0,Chandigarh,16749857.0
2111.0,3.0,2.0,Delhi,24177461.0
1150.0,1.0,1.0,Uttarakhand,7635318.0
1733.0,2.0,2.0,Madhya Pradesh,9958973.0
1721.0,4.0,3.0,Gujarat,19381110.0
1505.0,1.0,1.0,Karnataka,16087501.0
1608.0,2.0,2.0,Maharashtra,18587427.0
1805.0,5.0,6.0,Madhya Pradesh,19725763.0
1581.0,1.0,1.0,Odisha,8262624.0
1906.0,3.0,4.0,Goa,30961540.0
1436.0,2.0,2.0,Mizoram,8167729.0
2021.0,4.0,4.0,Karnataka,30335112.0
2163.0,3.0,3.0,Uttar Pradesh,17982232.0
1463.0,4.0,3.0,Chandigarh,18942480.0
1212.0,2.0,3.0,Chandigarh,11370672.0
1902.0,3.0,2.0,Kerala,20814350.0
1984.0,4.0,3.0,Lakshadweep,16257340.0
1127.0,2.0,3.0,Nagaland,7124896.0
1404.0,2.0,2.0,Jharkhand,9800539.0
1199.0,1.0,2.0,Tripura,8772513.0
1160.0,5.0,5.0,Ladakh,13335189.0
1441.0,3.0,2.0,Bihar,10803319.0
1639.0,3.0,2.0,Bihar,12433820.0
1573.0,3.0,3.0,West Bengal,9443806.0
2222.0,3.0,2.0,Bihar,16459894.0
1034.0,3.0,4.0,Uttarakhand,8424760.0
1177.0,3.0,2.0,Gujarat,11221202.0
350.0,3.0,4.0,Assam,3323644.0
1290.0,2.0,1.0,Gujarat,11407251.0
1698.0,4.0,3.0,Meghalaya,12068021.0
1794.0,4.0,3.0,Karnataka,29406643.0
1895.0,2.0,1.0,Rajasthan,10480069.0
2368.0,3.0,3.0,Manipur,16313471.0
1449.0,2.0,1.0,Jharkhand,10396996.0
1571.0,5.0,5.0,Meghalaya,13958913.0
2043.0,4.0,4.0,Uttarakhand,16468776.0
1395.0,4.0,3.0,Jharkhand,11591298.0
1276.0,2.0,1.0,Chandigarh,11083473.0
852.0,2.0,1.0,Jharkhand,6298871.0
1333.0,2.0,1.0,Tamil Nadu,14239116.0
1692.0,2.0,1.0,Dadra and Nagar Haveli and Daman and Diu,11889951.0
2702.0,2.0,1.0,Uttarakhand,25173138.0
1287.0,1.0,1.0,Manipur,6609919.0
1575.0,5.0,4.0,Manipur,13200182.0
833.0,1.0,1.0,Haryana,7288641.0
1787.0,2.0,2.0,Uttar Pradesh,10420480.0
1554.0,4.0,4.0,Andhra Pradesh,12931501.0
1932.0,3.0,2.0,Gujarat,19287307.0
2093.0,4.0,3.0,Karnataka,29252863.0
1726.0,3.0,3.0,Ladakh,15555780.0
1278.0,4.0,3.0,Ladakh,12373720.0
1844.0,3.0,3.0,Chandigarh,20006004.0
1923.0,3.0,4.0,Delhi,24844622.0
1398.0,3.0,3.0,Assam,9499413.0
2476.0,3.0,2.0,Maharashtra,31632318.0
1182.0,2.0,3.0,Himachal Pradesh,9781421.0
2030.0,3.0,2.0,Maharashtra,24923328.0
493.0,2.0,1.0,Manipur,3195905.0
2498.0,4.0,3.0,Odisha,15241255.0
2141.0,2.0,3.0,Madhya Pradesh,13204501.0
1378.0,2.0,3.0,Mizoram,9002367.0
1816.0,2.0,2.0,Manipur,10591330.0
1320.0,4.0,4.0,Mizoram,12719204.0
1217.0,2.0,2.0,Meghalaya,7928405.0
2349.0,3.0,3.0,Haryana,25523528.0
1094.0,4.0,4.0,Delhi,15334755.0
992.0,1.0,2.0,Rajasthan,5920928.0
2325.0,4.0,5.0,Himachal Pradesh,20336069.0
1843.0,2.0,1.0,Madhya Pradesh,11265966.0
1266.0,2.0,2.0,Dadra and Nagar Haveli and Daman and Diu,7303723.0
1395.0,3.0,4.0,Karnataka,18771992.0
1566.0,4.0,4.0,Madhya Pradesh,8744620.0
1885.0,2.0,1.0,Meghalaya,10170237.0
1193.0,3.0,4.0,Lakshadweep,10575421.0
2002.0,2.0,2.0,Himachal Pradesh,17611958.0
2003.0,3.0,3.0,Uttarakhand,20787597.0
1635.0,3.0,3.0,Lakshadweep,13884932.0
1787.0,3.0,2.0,Sikkim,16686565.0
1405.0,3.0,3.0,Puducherry,9672545.0
1501.0,2.0,2.0,Maharashtra,15770044.0
960.0,3.0,4.0,Telangana,15202101.0
1709.0,3.0,2.0,Bihar,12090136.0
1301.0,3.0,2.0,Uttar Pradesh,11866375.0
1520.0,1.0,1.0,Tamil Nadu,15347969.0
1616.0,3.0,4.0,Lakshadweep,15069323.0
946.0,2.0,2.0,Puducherry,6033306.0
963.0,2.0,2.0,Lakshadweep,7263060.0
2137.0,2.0,3.0,Goa,32099803.0
1850.0,3.0,3.0,Rajasthan,11814749.0
865.0,3.0,2.0,Delhi,10557957.0
1734.0,2.0,3.0,Haryana,15008290.0
1938.0,4.0,4.0,Lakshadweep,13314831.0
3398.0,3.0,2.0,Tamil Nadu,47563241.0
2088.0,4.0,4.0,Jammu and Kashmir,20224229.0
1586.0,3.0,4.0,Ladakh,14810568.0
2373.0,3.0,3.0,Andhra Pradesh,18428553.0
968.0,3.0,3.0,Bihar,5476350.0
1426.0,4.0,4.0,Arunachal Pradesh,13268303.0
2267.0,3.0,4.0,Arunachal Pradesh,16377124.0
1455.0,3.0,4.0,Telangana,21547565.0
837.0,3.0,2.0,Tamil Nadu,11655503.0
1532.0,3.0,3.0,Sikkim,15984705.0
1954.0,1.0,1.0,Arunachal Pradesh,11036243.0
2010.0,3.0,2.0,Arunachal Pradesh,10514406.0
1469.0,3.0,4.0,Gujarat,16299356.0
1302.0,4.0,3.0,Maharashtra,19200362.0
1431.0,3.0,3.0,Himachal Pradesh,11230435.0
1650.0,3.0,2.0,Ladakh,14508315.0
2546.0,5.0,4.0,Chhattisgarh,20898320.0
2172.0,3.0,4.0,Puducherry,13738066.0
1256.0,2.0,1.0,Haryana,12377721.0
1150.0,2.0,1.0,Arunachal Pradesh,6690565.0
930.0,2.0,3.0,Puducherry,5980221.0
1484.0,1.0,2.0,Tripura,8381711.0
1381.0,3.0,2.0,Andaman and Nicobar Islands,11131919.0
1635.0,4.0,3.0,Karnataka,23428400.0
1801.0,3.0,4.0,Sikkim,16871922.0
739.0,1.0,2.0,Odisha,4185548.0
1476.0,3.0,4.0,Tamil Nadu,21687123.0
1405.0,2.0,2.0,Jharkhand,10611218.0
2271.0,5.0,4.0,Jammu and Kashmir,25846181.0
2082.0,2.0,3.0,Odisha,15234382.0
2018.0,3.0,2.0,Chandigarh,22210896.0
1487.0,2.0,1.0,Delhi,14292973.0
1504.0,3.0,4.0,Manipur,10147921.0
1283.0,2.0,2.0,Nagaland,8134361.0
1666.0,4.0,3.0,Bihar,11862905.0
1658.0,2.0,1.0,Lakshadweep,9024286.0
2012.0,4.0,4.0,Jammu and Kashmir,15475020.0
931.0,3.0,2.0,Lakshadweep,5479572.0
1323.0,4.0,5.0,Uttarakhand,13130486.0
2295.0,4.0,4.0,Arunachal Pradesh,18343593.0
1574.0,5.0,5.0,West Bengal,12589999.0
680.0,2.0,2.0,Kerala,6521183.0
2458.0,2.0,2.0,Punjab,15145237.0
1440.0,2.0,2.0,Karnataka,19541413.0
1845.0,2.0,3.0,Haryana,17875055.0
1916.0,3.0,3.0,Punjab,15114011.0
1561.0,5.0,5.0,Nagaland,14135743.0
1454.0,5.0,5.0,Chandigarh,15625017.0
2842.0,3.0,2.0,Odisha,19733795.0
2294.0,3.0,4.0,Punjab,14732085.0
2197.0,4.0,4.0,Jammu and Kashmir,21511471.0
2127.0,5.0,6.0,Uttar Pradesh,17624997.0
1143.0,2.0,3.0,Mizoram,8080837.0
2036.0,3.0,4.0,Himachal Pradesh,15850574.0
1535.0,4.0,5.0,Andaman and Nicobar Islands,12793731.0
1860.0,2.0,3.0,Nagaland,13437279.0
939.0,3.0,3.0,Dadra and Nagar Haveli and Daman and Diu,7580430.0
849.0,5.0,6.0,Punjab,7017434.0
2266.0,5.0,4.0,Lakshadweep,19483694.0
1343.0,4.0,5.0,Kerala,16691754.0
590.0,4.0,3.0,Chandigarh,7974717.0
1787.0,2.0,3.0,Odisha,9932763.0
2548.0,2.0,1.0,Chandigarh,20697122.0
2209.0,3.0,3.0,Karnataka,39680349.0
1456.0,3.0,2.0,Tamil Nadu,18251366.0
1471.0,3.0,2.0,Uttar Pradesh,7983156.0
2012.0,3.0,4.0,West Bengal,14109972.0
1897.0,2.0,3.0,Uttarakhand,10538892.0
1303.0,3.0,2.0,Maharashtra,17375088.0
1702.0,2.0,1.0,Dadra and Nagar Haveli and Daman and Diu,11652516.0
1651.0,2.0,3.0,Tamil Nadu,18350360.0
1778.0,2.0,3.0,Rajasthan,11340348.0
1506.0,2.0,1.0,West Bengal,10439038.0
1951.0,4.0,4.0,Mizoram,12422391.0
2187.0,3.0,2.0,Chandigarh,18880112.0
2037.0,2.0,3.0,Lakshadweep,13393179.0
1970.0,4.0,4.0,Kerala,21111504.0
2493.0,3.0,2.0,Tamil Nadu,31169925.0
1127.0,1.0,1.0,Jharkhand,5468837.0
2144.0,2.0,2.0,Haryana,20891816.0
1545.0,2.0,3.0,Arunachal Pradesh,10257166.0
3138.0,3.0,2.0,Tamil Nadu,43348649.0
899.0,2.0,3.0,Punjab,6223385.0
856.0,1.0,1.0,Andhra Pradesh,5017762.0
1499.0,1.0,2.0,Karnataka,13676774.0
1993.0,3.0,4.0,Ladakh,19588300.0
2309.0,1.0,1.0,Kerala,18536825.0
1425.0,4.0,3.0,Uttar Pradesh,10892791.0
1803.0,2.0,3.0,Chandigarh,20054449.0
1963.0,3.0,2.0,Haryana,18401615.0
1995.0,3.0,2.0,Chhattisgarh,16275684.0
1244.0,3.0,3.0,Delhi,19617444.0
1865.0,1.0,2.0,Tripura,12160169.0
2331.0,4.0,5.0,Uttar Pradesh,17111750.0
1615.0,4.0,4.0,Andhra Pradesh,9601849.0
1428.0,1.0,1.0,Meghalaya,9225612.0
1469.0,2.0,2.0,Delhi,17863620.0
1776.0,4.0,5.0,Chhattisgarh,13454967.0
1672.0,3.0,2.0,Gujarat,19570576.0
1404.0,2.0,2.0,Chhattisgarh,8182490.0
1045.0,2.0,1.0,Ladakh,7617108.0
1166.0,3.0,2.0,West Bengal,8700887.0
1388.0,3.0,2.0,Manipur,8441679.0
1999.0,3.0,4.0,Puducherry,14874442.0
2208.0,5.0,6.0,Ladakh,27961671.0
1910.0,3.0,2.0,Andaman and Nicobar Islands,13747874.0
1859.0,2.0,3.0,Assam,14447985.0
1460.0,3.0,3.0,Goa,22291680.0
2115.0,2.0,3.0,Delhi,26419711.0
1461.0,2.0,3.0,Tamil Nadu,13120505.0
1149.0,1.0,1.0,Tamil Nadu,10523421.0
1755.0,2.0,3.0,Tamil Nadu,23908662.0
552.0,3.0,3.0,Meghalaya,3270987.0
874.0,1.0,1.0,Maharashtra,8867617.0
2032.0,3.0,2.0,Mizoram,14844036.0
998.0,3.0,4.0,Jharkhand,8851928.0
2139.0,3.0,3.0,Nagaland,14497421.0
2773.0,4.0,4.0,Rajasthan,20624517.0
1969.0,4.0,3.0,Punjab,15261543.0
1987.0,3.0,4.0,Meghalaya,15612865.0
2108.0,2.0,1.0,Arunachal Pradesh,12910446.0
1243.0,3.0,2.0,Puducherry,9824552.0
2117.0,3.0,3.0,Jammu and Kashmir,17149310.0
1085.0,2.0,3.0,Puducherry,7440360.0
966.0,1.0,1.0,Madhya Pradesh,5820724.0
1066.0,2.0,1.0,Telangana,11690522.0
2033.0,3.0,3.0,Himachal Pradesh,20051186.0
2036.0,2.0,1.0,Uttar Pradesh,12931736.0
1619.0,2.0,2.0,Tamil Nadu,21267083.0
1290.0,4.0,3.0,Haryana,15048539.0
1920.0,4.0,3.0,Ladakh,19264547.0
1659.0,2.0,1.0,Madhya Pradesh,9566566.0
2655.0,4.0,5.0,Punjab,20417581.0
1380.0,1.0,2.0,Nagaland,9464905.0
1912.0,4.0,4.0,Tamil Nadu,30620235.0
2194.0,5.0,5.0,Jammu and Kashmir,20940450.0
1133.0,1.0,2.0,Lakshadweep,6922389.0
1957.0,4.0,3.0,Karnataka,20153411.0
1916.0,5.0,5.0,Tripura,15770911.0
2725.0,4.0,5.0,Gujarat,36957354.0
749.0,5.0,6.0,Manipur,6713542.0
1990.0,3.0,2.0,Bihar,14167466.0
1068.0,1.0,2.0,Tamil Nadu,7522883.0
1823.0,4.0,4.0,Jammu and Kashmir,17232931.0
2681.0,3.0,4.0,Himachal Pradesh,25889613.0
1385.0,3.0,2.0,Maharashtra,18951812.0
1391.0,2.0,2.0,Ladakh,12413091.0
1743.0,3.0,4.0,Tamil Nadu,23650393.0
1618.0,2.0,1.0,Madhya Pradesh,9895618.0
1590.0,3.0,4.0,Lakshadweep,10072173.0
674.0,1.0,1.0,Assam,3760661.0
1610.0,3.0,4.0,Andaman and Nicobar Islands,10301628.0
2681.0,4.0,4.0,Jharkhand,16817216.0
1678.0,3.0,2.0,West Bengal,10245608.0
1804.0,3.0,2.0,Uttar Pradesh,14956813.0
1411.0,2.0,3.0,Meghalaya,9228675.0
2205.0,5.0,4.0,Meghalaya,19418081.0
2473.0,3.0,3.0,Jharkhand,16894076.0
1430.0,2.0,1.0,Chhattisgarh,7005907.0
1267.0,2.0,3.0,Andaman and Nicobar Islands,9527048.0
1914.0,2.0,2.0,Himachal Pradesh,11320716.0
1286.0,3.0,4.0,Haryana,13228236.0
1773.0,5.0,4.0,Chhattisgarh,15112642.0
1954.0,3.0,2.0,Goa,26024266.0
1431.0,2.0,2.0,Andaman and Nicobar Islands,8490629.0
1949.0,4.0,4.0,Manipur,12244249.0
2297.0,2.0,3.0,Uttar Pradesh,14035022.0
2143.0,4.0,5.0,Nagaland,16227739.0
554.0,2.0,3.0,Kerala,4965735.0
2079.0,3.0,2.0,Karnataka,30080292.0
1886.0,4.0,3.0,Haryana,18369247.0
1548.0,2.0,3.0,Chandigarh,15846630.0
1723.0,3.0,3.0,Manipur,12781711.0
2146.0,5.0,6.0,Maharashtra,40208051.0
1474.0,2.0,2.0,Andaman and Nicobar Islands,9427936.0
1743.0,2.0,1.0,Jharkhand,11908871.0
1421.0,3.0,3.0,Gujarat,14806975.0
1088.0,2.0,3.0,Chhattisgarh,7738269.0
2623.0,1.0,1.0,Odisha,12297624.0
1274.0,3.0,2.0,Lakshadweep,6112034.0
2275.0,4.0,3.0,Meghalaya,18548948.0
1112.0,2.0,3.0,Odisha,7906071.0
1368.0,2.0,3.0,West Bengal,9775355.0
1098.0,4.0,5.0,Rajasthan,8559906.0
1269.0,3.0,2.0,Meghalaya,10500901.0
2265.0,4.0,4.0,Telangana,31843278.0
2014.0,3.0,4.0,Ladakh,19633863.0
2433.0,5.0,5.0,West Bengal,23042432.0
874.0,3.0,3.0,Punjab,7675023.0
2350.0,2.0,2.0,Mizoram,14693885.0
1118.0,4.0,3.0,Tripura,8036868.0
2284.0,3.0,2.0,Lakshadweep,13151186.0
1917.0,2.0,3.0,Odisha,15372960.0
1530.0,2.0,1.0,Gujarat,14659224.0
1046.0,3.0,2.0,Uttarakhand,9528782.0
1281.0,1.0,1.0,Meghalaya,10067771.0
1340.0,2.0,3.0,Rajasthan,9411726.0
1503.0,2.0,2.0,Kerala,12047076.0
1638.0,3.0,3.0,Telangana,21497189.0
350.0,2.0,2.0,Arunachal Pradesh,2008884.0
1878.0,3.0,2.0,Bihar,12557285.0
1503.0,2.0,1.0,Lakshadweep,8925627.0
895.0,1.0,1.0,Puducherry,4758774.0
1608.0,3.0,4.0,Sikkim,12427332.0
1403.0,2.0,3.0,Karnataka,20855497.0
1390.0,3.0,2.0,Mizoram,10107732.0
350.0,2.0,1.0,Madhya Pradesh,2124908.0
1526.0,1.0,1.0,Uttarakhand,11719760.0
2079.0,2.0,3.0,Mizoram,14848488.0
1141.0,3.0,3.0,Karnataka,15842367.0
1027.0,2.0,3.0,Uttarakhand,9247007.0
1426.0,4.0,4.0,Assam,11678286.0
852.0,2.0,3.0,West Bengal,6222738.0
1141.0,3.0,3.0,Chandigarh,13237396.0
1326.0,3.0,2.0,Gujarat,13870410.0
1605.0,1.0,2.0,Sikkim,11500383.0
1617.0,3.0,4.0,Puducherry,14431246.0
1085.0,2.0,3.0,Uttarakhand,8509506.0
2743.0,3.0,4.0,Puducherry,21653408.0
1569.0,2.0,1.0,Meghalaya,10276847.0
1636.0,4.0,3.0,Himachal Pradesh,14556783.0
2312.0,5.0,5.0,Andaman and Nicobar Islands,18456839.0
1008.0,1.0,1.0,Bihar,5520933.0
999.0,3.0,3.0,Gujarat,10001526.0
2549.0,4.0,3.0,Andhra Pradesh,16403299.0
1566.0,2.0,2.0,Lakshadweep,9383212.0
1719.0,4.0,4.0,Punjab,14297767.0
1600.0,3.0,3.0,Uttarakhand,16513828.0
2518.0,4.0,5.0,Ladakh,27499672.0
1432.0,5.0,5.0,Telangana,16080031.0
1025.0,1.0,1.0,West Bengal,6314196.0
1093.0,3.0,2.0,Tamil Nadu,13216515.0
2428.0,3.0,3.0,Kerala,27238500.0
2011.0,2.0,1.0,Haryana,18309211.0
469.0,2.0,1.0,West Bengal,2858891.0
1200.0,5.0,5.0,Delhi,19343738.0
1187.0,1.0,1.0,Jharkhand,6771370.0
1328.0,3.0,3.0,Arunachal Pradesh,11227539.0
888.0,4.0,3.0,Rajasthan,6910059.0
2245.0,2.0,3.0,Mizoram,17153118.0
2050.0,3.0,4.0,Assam,17200375.0
2152.0,5.0,4.0,Dadra and Nagar Haveli and Daman and Diu,19942132.0
1455.0,3.0,3.0,Madhya Pradesh,8321450.0
1488.0,2.0,2.0,Madhya Pradesh,10968009.0
1143.0,1.0,1.0,Rajasthan,6178711.0
1824.0,5.0,5.0,Goa,32324345.0
1677.0,2.0,3.0,Uttar Pradesh,10013503.0
940.0,3.0,3.0,Kerala,8579284.0
2119.0,2.0,1.0,Sikkim,20133551.0
1340.0,3.0,3.0,Delhi,15941414.0
2853.0,5.0,4.0,Andhra Pradesh,27845370.0
1200.0,3.0,3.0,Andhra Pradesh,8860142.0
1490.0,5.0,4.0,Jammu and Kashmir,14941160.0
821.0,2.0,1.0,Uttarakhand,6271361.0
1488.0,3.0,4.0,Andhra Pradesh,9467801.0
1903.0,4.0,3.0,Jammu and Kashmir,18238647.0
1721.0,3.0,4.0,Assam,11290339.0
1028.0,2.0,3.0,Uttar Pradesh,6619514.0
918.0,4.0,4.0,Nagaland,8220644.0
1465.0,2.0,3.0,Punjab,10205482.0
1421.0,3.0,2.0,Odisha,8201187.0
1951.0,5.0,4.0,Mizoram,18450006.0
2229.0,2.0,1.0,Punjab,13897110.0
1065.0,2.0,2.0,Andaman and Nicobar Islands,6472107.0
1884.0,1.0,1.0,Telangana,21677659.0
1100.0,2.0,3.0,Puducherry,7286798.0
1400.0,2.0,2.0,Puducherry,7827098.0
1581.0,3.0,2.0,Jharkhand,13559597.0
745.0,2.0,3.0,Rajasthan,5025752.0
1987.0,3.0,4.0,Jammu and Kashmir,18259277.0
1484.0,2.0,3.0,Andhra Pradesh,9544166.0
1887.0,2.0,2.0,Tripura,14002244.0
1127.0,2.0,2.0,Delhi,12672185.0
1410.0,3.0,3.0,Assam,8361731.0
1074.0,3.0,4.0,Meghalaya,7438451.0
2139.0,2.0,1.0,Delhi,28564491.0
1597.0,4.0,5.0,Tamil Nadu,26979376.0
1997.0,3.0,2.0,Karnataka,25089109.0
2051.0,2.0,2.0,Andaman and Nicobar Islands,15528406.0
2317.0,4.0,3.0,Uttarakhand,24239595.0
1599.0,2.0,2.0,Lakshadweep,10061004.0
631.0,1.0,2.0,Goa,6827548.0
1437.0,3.0,4.0,Nagaland,11263158.0
848.0,2.0,3.0,Madhya Pradesh,5160227.0
1847.0,2.0,1.0,Andhra Pradesh,11531511.0
1733.0,3.0,2.0,Punjab,12616052.0
757.0,2.0,3.0,Jharkhand,4081390.0
1940.0,4.0,4.0,Odisha,15281165.0
667.0,5.0,4.0,Tripura,5514738.0
1678.0,3.0,4.0,Manipur,14212989.0
1187.0,3.0,3.0,Nagaland,6728684.0
2137.0,3.0,2.0,Goa,26427599.0
2287.0,5.0,6.0,Delhi,36200426.0
2282.0,2.0,2.0,Jharkhand,16541888.0
1765.0,2.0,2.0,Tamil Nadu,21069322.0
1395.0,3.0,4.0,Lakshadweep,12785323.0
2106.0,3.0,3.0,Himachal Pradesh,20369257.0
734.0,2.0,2.0,Rajasthan,4536139.0
1343.0,3.0,3.0,Tamil Nadu,18569018.0
1558.0,1.0,1.0,Tripura,8533115.0
834.0,4.0,3.0,Gujarat,10488095.0
1282.0,2.0,3.0,Odisha,7280890.0
740.0,1.0,1.0,Manipur,3814415.0
1599.0,2.0,2.0,Kerala,16021159.0
968.0,2.0,1.0,Jharkhand,6928795.0
1756.0,2.0,1.0,Bihar,8062087.0
1257.0,1.0,1.0,Goa,15463275.0
2190.0,2.0,3.0,Madhya Pradesh,14555446.0
1444.0,2.0,2.0,Telangana,13410746.0
1026.0,2.0,1.0,Telangana,7562042.0
1301.0,2.0,1.0,Chhattisgarh,6628329.0
711.0,2.0,1.0,Nagaland,4426149.0
1881.0,2.0,3.0,Assam,12615008.0
1714.0,2.0,1.0,Nagaland,11508037.0
2430.0,1.0,1.0,Himachal Pradesh,15979178.0
1116.0,2.0,1.0,Kerala,8824614.0
1447.0,4.0,4.0,Odisha,11084690.0
1671.0,5.0,6.0,Karnataka,28186024.0
2180.0,4.0,4.0,Sikkim,22224472.0
1718.0,3.0,3.0,Madhya Pradesh,11322626.0
1459.0,3.0,2.0,West Bengal,11350114.0
1968.0,2.0,1.0,Meghalaya,11364606.0
1662.0,4.0,5.0,Gujarat,18100690.0
2658.0,4.0,3.0,Punjab,19382991.0
2147.0,4.0,4.0,Jharkhand,19536810.0
1969.0,4.0,3.0,Madhya Pradesh,15113458.0
1628.0,3.0,2.0,Bihar,10476085.0
2635.0,4.0,4.0,Bihar,23598352.0
1221.0,4.0,5.0,Maharashtra,23576917.0
1464.0,2.0,1.0,Chhattisgarh,9365223.0
1163.0,4.0,5.0,West Bengal,11108823.0
2359.0,2.0,2.0,Tamil Nadu,31827515.0
2486.0,5.0,6.0,Odisha,20978462.0
1534.0,4.0,3.0,Puducherry,12003442.0
1380.0,2.0,3.0,Manipur,7893048.0
2126.0,3.0,2.0,Arunachal Pradesh,14557480.0
994.0,1.0,2.0,Jharkhand,5497462.0
2654.0,4.0,4.0,Ladakh,25054834.0
1647.0,4.0,4.0,Tripura,12080253.0
1591.0,3.0,2.0,Dadra and Nagar Haveli and Daman and Diu,10784036.0
1272.0,4.0,4.0,Ladakh,13424141.0
1697.0,2.0,1.0,Himachal Pradesh,12846080.0
1431.0,2.0,2.0,Bihar,7220524.0
1358.0,2.0,3.0,Assam,8358146.0
909.0,1.0,1.0,Jammu and Kashmir,5232578.0
2542.0,3.0,2.0,Arunachal Pradesh,18367466.0
1073.0,2.0,1.0,Arunachal Pradesh,7099917.0
1870.0,2.0,1.0,Himachal Pradesh,14803733.0
1372.0,3.0,2.0,Dadra and Nagar Haveli and Daman and Diu,8721379.0
2664.0,4.0,3.0,Madhya Pradesh,21394731.0
899.0,2.0,2.0,Andaman and Nicobar Islands,5513846.0
1409.0,4.0,3.0,Gujarat,13868657.0
1110.0,3.0,4.0,Kerala,13321252.0
1661.0,2.0,3.0,Uttarakhand,15176090.0
1205.0,3.0,4.0,Meghalaya,10120266.0
1364.0,2.0,2.0,Telangana,15173106.0
390.0,2.0,1.0,Himachal Pradesh,3419091.0
1928.0,3.0,4.0,Kerala,19988129.0
1230.0,2.0,1.0,Karnataka,15280782.0
751.0,2.0,2.0,Telangana,8459479.0
2001.0,3.0,3.0,Uttarakhand,17447068.0
804.0,2.0,3.0,Uttarakhand,4745768.0
2597.0,4.0,4.0,Punjab,20173469.0
1181.0,2.0,3.0,Lakshadweep,8070827.0
2773.0,5.0,6.0,Madhya Pradesh,23992622.0
2094.0,4.0,4.0,West Bengal,20434477.0
2280.0,5.0,6.0,Gujarat,26093925.0
1721.0,4.0,3.0,Himachal Pradesh,15404248.0
1646.0,2.0,3.0,Tripura,9918742.0
1473.0,3.0,2.0,Jammu and Kashmir,11865716.0
1358.0,2.0,3.0,Delhi,19045467.0
2428.0,4.0,4.0,Maharashtra,42536553.0
1177.0,3.0,4.0,Haryana,11879781.0
1554.0,2.0,1.0,Tripura,8855643.0
2598.0,4.0,4.0,Tripura,18032264.0
1666.0,2.0,3.0,Haryana,19040267.0
1365.0,3.0,2.0,Madhya Pradesh,10871316.0
1423.0,3.0,2.0,West Bengal,9862416.0
471.0,1.0,1.0,Puducherry,2242769.0
1524.0,3.0,2.0,Dadra and Nagar Haveli and Daman and Diu,9020964.0
2204.0,4.0,4.0,Manipur,18127972.0
1275.0,1.0,1.0,Meghalaya,7773759.0
1626.0,3.0,2.0,Mizoram,8584434.0
1893.0,2.0,1.0,Andaman and Nicobar Islands,11356870.0
844.0,3.0,2.0,Gujarat,10341064.0
1448.0,2.0,3.0,Tamil Nadu,17599366.0
2232.0,5.0,6.0,Delhi,44200542.0
1812.0,4.0,3.0,Gujarat,22265666.0
2079.0,2.0,1.0,Haryana,16493465.0
1852.0,2.0,1.0,Chhattisgarh,11150610.0
1801.0,3.0,4.0,Chandigarh,19540516.0
2608.0,3.0,4.0,Himachal Pradesh,21435890.0
701.0,3.0,4.0,Telangana,8622253.0
1545.0,2.0,1.0,Andaman and Nicobar Islands,11383975.0
1622.0,2.0,2.0,Gujarat,13601782.0
1271.0,5.0,4.0,Arunachal Pradesh,12316445.0
1400.0,3.0,4.0,Maharashtra,18467255.0
1289.0,4.0,4.0,Goa,19121308.0
2211.0,3.0,2.0,Rajasthan,16567681.0
2698.0,4.0,5.0,Manipur,20835033.0
1625.0,2.0,2.0,Rajasthan,11282319.0
862.0,2.0,2.0,Meghalaya,4227063.0
1375.0,4.0,3.0,Karnataka,20844745.0
2540.0,5.0,4.0,Tamil Nadu,28315458.0
1415.0,2.0,3.0,Ladakh,11452325.0
350.0,2.0,1.0,Uttarakhand,2963545.0
2077.0,3.0,2.0,West Bengal,15669348.0
1274.0,2.0,3.0,Manipur,7270373.0
1246.0,2.0,1.0,Nagaland,6683738.0
2114.0,4.0,4.0,Goa,28856749.0
1059.0,2.0,3.0,Sikkim,9007767.0
1118.0,3.0,3.0,Nagaland,6154482.0
1429.0,1.0,1.0,Tripura,8160909.0
2187.0,1.0,1.0,Goa,23957805.0
2747.0,3.0,3.0,Rajasthan,19318933.0
1423.0,2.0,2.0,Kerala,14370686.0
1784.0,3.0,3.0,Chhattisgarh,13336195.0
1692.0,2.0,1.0,Chhattisgarh,9871821.0
1731.0,5.0,4.0,Maharashtra,21048426.0
1981.0,3.0,4.0,Haryana,22180119.0
1337.0,4.0,5.0,Assam,9851617.0
1612.0,2.0,3.0,Karnataka,18721565.0
1300.0,2.0,1.0,Mizoram,8578399.0
1879.0,2.0,3.0,Haryana,21721974.0
1792.0,3.0,2.0,Uttarakhand,15412166.0
350.0,2.0,2.0,Rajasthan,2426260.0
1200.0,1.0,1.0,Lakshadweep,5674211.0
1741.0,2.0,3.0,Uttar Pradesh,12115913.0
1911.0,2.0,1.0,Karnataka,21856463.0
1573.0,2.0,3.0,Chandigarh,17833687.0
1977.0,2.0,1.0,Andhra Pradesh,11536397.0
1563.0,2.0,3.0,Uttar Pradesh,10259506.0
1621.0,3.0,3.0,Uttarakhand,16369567.0
2135.0,2.0,1.0,Puducherry,13175267.0
1652.0,2.0,1.0,Assam,8936824.0
1098.0,3.0,4.0,Gujarat,15804919.0
731.0,4.0,3.0,Andhra Pradesh,4963810.0
932.0,2.0,1.0,Andhra Pradesh,5770527.0
1787.0,3.0,3.0,Delhi,25016461.0
1852.0,5.0,4.0,Maharashtra,30277769.0
2153.0,3.0,2.0,Arunachal Pradesh,14769924.0
1421.0,4.0,4.0,West Bengal,11199327.0
2308.0,4.0,5.0,Kerala,27274069.0
1208.0,1.0,2.0,Goa,11550426.0
1589.0,3.0,4.0,Lakshadweep,15072489.0
1909.0,3.0,2.0,Rajasthan,13047403.0
2696.0,5.0,5.0,Haryana,37327419.0
1181.0,3.0,2.0,Andhra Pradesh,7957682.0
1226.0,2.0,3.0,Andhra Pradesh,7934936.0
1991.0,3.0,3.0,Tamil Nadu,25296572.0
2258.0,2.0,1.0,Bihar,11469456.0
1610.0,4.0,5.0,Meghalaya,13137014.0
1469.0,3.0,2.0,Jammu and Kashmir,12072263.0
1899.0,3.0,2.0,Punjab,15205088.0
2178.0,4.0,5.0,Arunachal Pradesh,15518717.0
1631.0,3.0,3.0,Tripura,11051337.0
1888.0,3.0,4.0,Odisha,12700748.0
2172.0,4.0,4.0,Kerala,30015218.0
2704.0,4.0,5.0,Dadra and Nagar Haveli and Daman and Diu,20150161.0
2512.0,4.0,4.0,West Bengal,21612887.0
1250.0,1.0,1.0,Gujarat,11666582.0
1642.0,3.0,2.0,Ladakh,13938117.0
1688.0,2.0,3.0,Jharkhand,9525605.0
1753.0,4.0,3.0,Delhi,21110927.0
1432.0,3.0,3.0,Jharkhand,11500521.0
1418.0,3.0,2.0,Chandigarh,12347883.0
1951.0,2.0,1.0,Andaman and Nicobar Islands,12746955.0
1070.0,2.0,2.0,Gujarat,10304483.0
1334.0,3.0,2.0,Bihar,9788487.0
1429.0,2.0,2.0,Jharkhand,9814138.0
2502.0,2.0,3.0,Telangana,27726500.0
1868.0,4.0,3.0,Chandigarh,18802312.0
1570.0,4.0,3.0,Andaman and Nicobar Islands,13296600.0
1303.0,2.0,1.0,Assam,7516677.0
2172.0,2.0,3.0,Lakshadweep,9837161.0
732.0,5.0,5.0,Goa,12876262.0
1070.0,3.0,3.0,Ladakh,8395019.0
3032.0,3.0,2.0,Andhra Pradesh,22477778.0
1643.0,2.0,3.0,Haryana,18945975.0
1141.0,2.0,1.0,Jharkhand,7134162.0
1242.0,1.0,2.0,Karnataka,15350115.0
1674.0,3.0,2.0,Madhya Pradesh,11968362.0
1706.0,1.0,2.0,Rajasthan,12145252.0
2109.0,1.0,1.0,Kerala,15384088.0
1761.0,3.0,2.0,Tamil Nadu,22800062.0
1748.0,5.0,5.0,Madhya Pradesh,16700549.0
2389.0,4.0,3.0,Goa,33615544.0
1206.0,3.0,2.0,Delhi,17790829.0
1152.0,3.0,3.0,Haryana,11621804.0
850.0,3.0,2.0,Manipur,7448753.0
859.0,2.0,2.0,Delhi,12933073.0
1219.0,3.0,4.0,Tripura,9502372.0
1435.0,3.0,2.0,Ladakh,13220564.0
1753.0,3.0,3.0,Telangana,26929459.0
1223.0,4.0,3.0,Nagaland,8180382.0
534.0,5.0,5.0,Himachal Pradesh,4895206.0
731.0,1.0,1.0,Delhi,8883210.0
1123.0,2.0,1.0,Puducherry,7237918.0
1124.0,2.0,1.0,Haryana,9972255.0
2280.0,2.0,3.0,Delhi,28492381.0
1180.0,2.0,1.0,Uttar Pradesh,5254932.0
1798.0,2.0,3.0,Ladakh,14617277.0
2106.0,4.0,5.0,Andhra Pradesh,15938541.0
1900.0,3.0,3.0,Ladakh,18899510.0
1745.0,4.0,3.0,Kerala,22268298.0
1202.0,1.0,2.0,Telangana,14188391.0
906.0,1.0,2.0,Odisha,5674986.0
1754.0,2.0,1.0,Chhattisgarh,8978352.0
1383.0,2.0,3.0,Chandigarh,14632508.0
1003.0,2.0,3.0,Manipur,7292379.0
2662.0,5.0,4.0,Andhra Pradesh,26252778.0
1773.0,2.0,1.0,Haryana,20279873.0
1190.0,2.0,3.0,Bihar,6410524.0
1745.0,3.0,2.0,Andaman and Nicobar Islands,11678844.0
1769.0,3.0,3.0,Uttar Pradesh,11731222.0
1041.0,3.0,2.0,Assam,7459098.0
1493.0,2.0,3.0,Andaman and Nicobar Islands,10108911.0
1273.0,4.0,3.0,Uttar Pradesh,9650485.0
917.0,2.0,1.0,Chhattisgarh,6427684.0
808.0,3.0,2.0,Sikkim,6058427.0
1565.0,3.0,2.0,Andhra Pradesh,9613731.0
1998.0,4.0,4.0,Chandigarh,20643646.0
1070.0,2.0,1.0,Assam,6388100.0
2784.0,3.0,4.0,Odisha,17896586.0
1610.0,1.0,1.0,Meghalaya,9155523.0
2098.0,2.0,1.0,Ladakh,15792662.0
1706.0,1.0,2.0,Delhi,17056630.0
2460.0,3.0,3.0,Assam,19786573.0
1082.0,2.0,3.0,Maharashtra,13406945.0
555.0,3.0,2.0,Delhi,8110009.0
958.0,1.0,2.0,Manipur,5594751.0
2200.0,4.0,4.0,Nagaland,17680517.0
2633.0,4.0,5.0,Tamil Nadu,37711615.0
1569.0,2.0,2.0,Ladakh,12541386.0
1867.0,1.0,2.0,Andaman and Nicobar Islands,12118878.0
1497.0,1.0,1.0,Gujarat,11897182.0
2574.0,4.0,3.0,Tamil Nadu,39371430.0
1154.0,2.0,1.0,Madhya Pradesh,6498653.0
759.0,3.0,4.0,Meghalaya,6244133.0
2468.0,3.0,4.0,Kerala,25304731.0
2483.0,4.0,4.0,Chandigarh,32239110.0
1472.0,3.0,4.0,Tripura,11180093.0
1153.0,3.0,2.0,Punjab,9571343.0
1792.0,5.0,4.0,West Bengal,13246055.0
987.0,2.0,2.0,Tamil Nadu,9745939.0
1538.0,4.0,4.0,Gujarat,16777912.0
547.0,1.0,2.0,Goa,5035500.0
1566.0,3.0,4.0,Delhi,18181698.0
1347.0,4.0,3.0,Uttar Pradesh,11290246.0
2040.0,3.0,4.0,Maharashtra,28382560.0
2039.0,3.0,3.0,Kerala,20446161.0
1592.0,2.0,3.0,Uttarakhand,12630381.0
1058.0,2.0,1.0,Manipur,6128770.0
1268.0,2.0,1.0,Tripura,9479310.0
1466.0,3.0,2.0,West Bengal,9383001.0
1737.0,3.0,4.0,Arunachal Pradesh,11019065.0
1431.0,2.0,1.0,Jammu and Kashmir,12039919.0
2063.0,2.0,3.0,Puducherry,13584812.0
1396.0,2.0,3.0,Sikkim,14456294.0
2005.0,2.0,1.0,Chandigarh,17130962.0
1153.0,2.0,3.0,Haryana,12548098.0
947.0,4.0,3.0,Madhya Pradesh,8345851.0
1566.0,3.0,2.0,Rajasthan,10305575.0
1905.0,2.0,2.0,Bihar,11278594.0
2276.0,3.0,2.0,Manipur,17398944.0
1587.0,4.0,3.0,Gujarat,19339900.0
1262.0,2.0,1.0,Dadra and Nagar Haveli and Daman and Diu,6541874.0
1249.0,2.0,2.0,Lakshadweep,7019155.0
1441.0,1.0,1.0,Jharkhand,5733731.0
1506.0,1.0,1.0,Meghalaya,9229782.0
1861.0,4.0,4.0,Haryana,21233789.0
2523.0,5.0,5.0,Sikkim,26916112.0
916.0,1.0,2.0,Arunachal Pradesh,4365857.0
1694.0,3.0,2.0,Telangana,19061280.0
2133.0,1.0,1.0,Andhra Pradesh,11500985.0
2020.0,3.0,4.0,Puducherry,14001993.0
1531.0,4.0,4.0,Himachal Pradesh,15402277.0
1479.0,2.0,1.0,Jammu and Kashmir,12154014.0
1408.0,1.0,1.0,Andaman and Nicobar Islands,10247230.0
350.0,3.0,3.0,Odisha,2541880.0
1516.0,5.0,4.0,Chandigarh,21555182.0
1449.0,2.0,2.0,Mizoram,8480448.0
1239.0,2.0,1.0,Puducherry,6177406.0
1605.0,2.0,2.0,Tamil Nadu,18445760.0
2610.0,3.0,4.0,Odisha,15906335.0
